Workbook

Sheet Read me
A1: Folio Template Register — consolidated draft
A2: Every template and every message across Folio (Workspace, Document Portal, Correspondence Mailer, governance flows, tools), with nothing exempted: live sends, client-composed e-mails, in-app notices, retired and superseded items, unwired libraries and non-message templates.
A4: Sources
A5: Baseline branch claude/system-remediation-gaps-ahpmsy at commit c33ed52 (2026-10-19 02:41, Release 38).
A6: Live definitions of all 43 adopted flows, read by flow ID on 2026-10-19 at 02:32 UTC (run 08584092297923146268802111059CU06). All 51 catalogue messages match the live flows; every live flow matches its Release 38 package.
A7: config/notification-matrix.config.js (39 required notifications, 7 surplus entries); email-catalogue/catalogue.json; registers/flow-adoption.json (43 adopted, 79 retired).
A8: Brand revalidation 2026-10-19 (baseline d1a8bd0, 21:26 UTC): branding, sub-branding, design system, styling and visual assets rechecked. Column "Brand check (d1a8bd0)" records which repository check, if any, holds each template to the brand; findings B1-B6 are on the Findings sheet; F3, F4 and F7 are corrected there.
A10: Status values
A11: GAP — needs work: outside the catalogue, not brand-reviewed, or a defect.
A12: DECISION — an owner decision is needed before any work.
A13: NOT DEPLOYED — specified, with its own messages, but not in the adopted estate.
A14: INFO — recorded for completeness; no action needed now.
... A23: Draft prepared read-only: nothing in the repository or the tenant was changed.

Sheet Register
A1: ID | B1: Category | C1: Platform | D1: Template or message | E1: Carrier (flow or module) | F1: Flow ID | G1: Step or source | H1: Requirement | I1: Audience | J1: Recipient | K1: Template source | L1: In catalogue | M1: Brand set (2026-10-18) | N1: Brand check (d1a8bd0) | O1: Live state (2026-10-19 02:32) | P1: Status | Q1: Finding or issue | R1: Proposed action | S1: Owner | T1: Target date | U1: Decision / notes
A2: TR-082 | B2: Client e-mail · correspondence | C2: Folio Workspace | D2: official-correspondence — Official Correspondence | E2: core/correspondence-email-service.js → EMAIL (IP_SEND_EMAIL) | F2: df59a69f-92ca-4554-ae68-6b464aa73ef7 | G2: template "official-correspondence" (subject {{referenceId}} — {{subject}}) | H2: RN-021, RN-022 | I2: correspondent (external) | J2: entered by the officer | K2: config/correspondence-email-templates.config.js; docs/reference/correspondence-email-templates/html/official-correspondence.html | L2: No | M2: No | N2: Palette and NITDA alone held by test:brand; type and layout unchecked | O2: Client code; frame live | P2: GAP | Q2: F1: a complete document wrapped again by the IP_SEND_EMAIL frame: "Dear Sir/Madam," plus its own greeting, two headers, labelled "Official correspondence". F4: fails the catalogue checks: no language tag, no preview text, 760 px (limit 640), no presentational tables, no logo, Arial as the main face, box-shadow. Colours are on the palette and the letter carries NITDA alone (test:brand). | R2: Rebuild on the brand set as a fragment; run the catalogue checks on it.
A3: TR-083 | B3: Client e-mail · correspondence | C3: Folio Workspace | D3: request-for-information — Request for Information / Documents | E3: core/correspondence-email-service.js → EMAIL (IP_SEND_EMAIL) | F3: df59a69f-92ca-4554-ae68-6b464aa73ef7 | G3: template "request-for-information" (subject Request for Information — {{referenceId}}) | H3: RN-021, RN-022 | I3: correspondent (external) | J3: entered by the officer | K3: config/correspondence-email-templates.config.js; docs/reference/correspondence-email-templates/html/request-for-information.html | L3: No | M3: No | N3: Palette and NITDA alone held by test:brand; type and layout unchecked | O3: Client code; frame live | P3: GAP | Q3: F1: a complete document wrapped again by the IP_SEND_EMAIL frame: "Dear Sir/Madam," plus its own greeting, two headers, labelled "Official correspondence". F4: fails the catalogue checks: no language tag, no preview text, 760 px (limit 640), no presentational tables, no logo, Arial as the main face, box-shadow. Colours are on the palette and the letter carries NITDA alone (test:brand). | R3: Rebuild on the brand set as a fragment; run the catalogue checks on it.
A4: TR-084 | B4: Client e-mail · correspondence | C4: Folio Workspace | D4: document-transmittal — Document Transmittal | E4: core/correspondence-email-service.js → EMAIL (IP_SEND_EMAIL) | F4: df59a69f-92ca-4554-ae68-6b464aa73ef7 | G4: template "document-transmittal" (subject Transmittal — {{referenceId}} — {{subject}}) | H4: RN-021, RN-022 | I4: correspondent (external) | J4: entered by the officer | K4: config/correspondence-email-templates.config.js; docs/reference/correspondence-email-templates/html/document-transmittal.html | L4: No | M4: No | N4: Palette and NITDA alone held by test:brand; type and layout unchecked | O4: Client code; frame live | P4: GAP | Q4: F1: a complete document wrapped again by the IP_SEND_EMAIL frame: "Dear Sir/Madam," plus its own greeting, two headers, labelled "Official correspondence". F4: fails the catalogue checks: no language tag, no preview text, 760 px (limit 640), no presentational tables, no logo, Arial as the main face, box-shadow. Colours are on the palette and the letter carries NITDA alone (test:brand). | R4: Rebuild on the brand set as a fragment; run the catalogue checks on it.
A5: TR-085 | B5: Client e-mail · correspondence | C5: Folio Workspace | D5: meeting-invitation — Meeting / Engagement Invitation | E5: core/correspondence-email-service.js → EMAIL (IP_SEND_EMAIL) | F5: df59a69f-92ca-4554-ae68-6b464aa73ef7 | G5: template "meeting-invitation" (subject Invitation — {{subject}} — {{referenceId}}) | H5: RN-021, RN-022 | I5: correspondent (external) | J5: entered by the officer | K5: config/correspondence-email-templates.config.js; docs/reference/correspondence-email-templates/html/meeting-invitation.html | L5: No | M5: No | N5: Palette and NITDA alone held by test:brand; type and layout unchecked | O5: Client code; frame live | P5: GAP | Q5: F1: a complete document wrapped again by the IP_SEND_EMAIL frame: "Dear Sir/Madam," plus its own greeting, two headers, labelled "Official correspondence". F4: fails the catalogue checks: no language tag, no preview text, 760 px (limit 640), no presentational tables, no logo, Arial as the main face, box-shadow. Colours are on the palette and the letter carries NITDA alone (test:brand). | R5: Rebuild on the brand set as a fragment; run the catalogue checks on it.
A6: TR-086 | B6: Client e-mail · correspondence | C6: Folio Workspace | D6: circular-notice — Circular / General Notice | E6: core/correspondence-email-service.js → EMAIL (IP_SEND_EMAIL) | F6: df59a69f-92ca-4554-ae68-6b464aa73ef7 | G6: template "circular-notice" (subject Circular / Notice — {{subject}}) | H6: RN-021, RN-022 | I6: correspondent (external) | J6: entered by the officer | K6: config/correspondence-email-templates.config.js; docs/reference/correspondence-email-templates/html/circular-notice.html | L6: No | M6: No | N6: Palette and NITDA alone held by test:brand; type and layout unchecked | O6: Client code; frame live | P6: GAP | Q6: F1: a complete document wrapped again by the IP_SEND_EMAIL frame: "Dear Sir/Madam," plus its own greeting, two headers, labelled "Official correspondence". F4: fails the catalogue checks: no language tag, no preview text, 760 px (limit 640), no presentational tables, no logo, Arial as the main face, box-shadow. Colours are on the palette and the letter carries NITDA alone (test:brand). | R6: Rebuild on the brand set as a fragment; run the catalogue checks on it.
A7: TR-087 | B7: Client e-mail · correspondence | C7: Folio Workspace | D7: closure-response — Closure / Final Response | E7: core/correspondence-email-service.js → EMAIL (IP_SEND_EMAIL) | F7: df59a69f-92ca-4554-ae68-6b464aa73ef7 | G7: template "closure-response" (subject Final Response — {{referenceId}}) | H7: RN-021, RN-022 | I7: correspondent (external) | J7: entered by the officer | K7: config/correspondence-email-templates.config.js; docs/reference/correspondence-email-templates/html/closure-response.html | L7: No | M7: No | N7: Palette and NITDA alone held by test:brand; type and layout unchecked | O7: Client code; frame live | P7: GAP | Q7: F1: a complete document wrapped again by the IP_SEND_EMAIL frame: "Dear Sir/Madam," plus its own greeting, two headers, labelled "Official correspondence". F4: fails the catalogue checks: no language tag, no preview text, 760 px (limit 640), no presentational tables, no logo, Arial as the main face, box-shadow. Colours are on the palette and the letter carries NITDA alone (test:brand). | R7: Rebuild on the brand set as a fragment; run the catalogue checks on it.
A8: TR-089 | B8: Client e-mail · report | C8: Folio Workspace | D8: Management report email | E8: modules/reports.js → EMAIL (IP_SEND_EMAIL) | F8: df59a69f-92ca-4554-ae68-6b464aa73ef7 | G8: modules/reports.js (reportHtml) | H8: RN-024 | I8: originator / chosen recipients | K8: inline in modules/reports.js | L8: No | M8: No | N8: Not covered by any brand check | O8: Client code; frame live | P8: GAP | Q8: F1: a complete document wrapped again by the IP_SEND_EMAIL frame: "Dear Sir/Madam," plus its own greeting, two headers, labelled "Official correspondence". F4: no template; a bare <h1> page built in code, with no inline styling: its tables rely on Workspace CSS classes that do not travel with the e-mail. | R8: Give it a template and send a fragment.
A9: TR-090 | B9: Client e-mail · report | C9: Folio Workspace | D9: Statistics report email | E9: modules/statistics.js → EMAIL (IP_SEND_EMAIL) | F9: df59a69f-92ca-4554-ae68-6b464aa73ef7 | G9: modules/statistics.js (htmlDoc) | H9: RN-024 | I9: originator / chosen recipients | K9: inline in modules/statistics.js | L9: No | M9: No | N9: Not covered by any brand check | O9: Client code; frame live | P9: GAP | Q9: F1: a complete document wrapped again by the IP_SEND_EMAIL frame: "Dear Sir/Madam," plus its own greeting, two headers, labelled "Official correspondence". F4: no template; a bare <h1> page built in code, with no inline styling: its tables rely on Workspace CSS classes that do not travel with the e-mail. | R9: Give it a template and send a fragment.
A10: TR-074 | B10: Client e-mail · staff notice | C10: Folio Workspace | D10: ack-reminder — Reminder: please acknowledge {{referenceId}} — {{title}} | E10: core/staff-notice-service.js → EMAIL (IP_SEND_EMAIL) | F10: df59a69f-92ca-4554-ae68-6b464aa73ef7 | G10: StaffNoticeTemplates["RN-012"] | H10: RN-012 | I10: assignee | J10: resolved from the record (registry hold until StaffNoticeDelivery.recipients = staff) | K10: config/staff-notice-templates.config.js | L10: No | M10: No (text header, no logo, no DGO mark) | N10: Palette held by tests/staff-notice.test.mjs; layout and logo unchecked | O10: Client code; frame live | P10: GAP | Q10: F1: a complete document wrapped again by the IP_SEND_EMAIL frame: "Dear Sir/Madam," plus its own greeting, two headers, labelled "Official correspondence". F4: outside the owner's brand set; on the palette (tests/staff-notice.test.mjs), but no logo and no DGO mark on internal mail. | R10: Render a body fragment for the frame; add to the brand review.
A11: TR-075 | B11: Client e-mail · staff notice | C11: Folio Workspace | D11: owner-notice — FastTrack notice: {{referenceId}} — {{title}} | E11: core/staff-notice-service.js → EMAIL (IP_SEND_EMAIL) | F11: df59a69f-92ca-4554-ae68-6b464aa73ef7 | G11: StaffNoticeTemplates["RN-015"] | H11: RN-015 | I11: owner | J11: resolved from the record (registry hold until StaffNoticeDelivery.recipients = staff) | K11: config/staff-notice-templates.config.js | L11: No | M11: No (text header, no logo, no DGO mark) | N11: Palette held by tests/staff-notice.test.mjs; layout and logo unchecked | O11: Client code; frame live | P11: GAP | Q11: F1: a complete document wrapped again by the IP_SEND_EMAIL frame: "Dear Sir/Madam," plus its own greeting, two headers, labelled "Official correspondence". F4: outside the owner's brand set; on the palette (tests/staff-notice.test.mjs), but no logo and no DGO mark on internal mail. | R11: Render a body fragment for the frame; add to the brand review.
A12: TR-076 | B12: Client e-mail · staff notice | C12: Folio Workspace | D12: approval-request — Approval requested: {{referenceId}} — {{title}} | E12: core/staff-notice-service.js → EMAIL (IP_SEND_EMAIL) | F12: df59a69f-92ca-4554-ae68-6b464aa73ef7 | G12: StaffNoticeTemplates["RN-017"] | H12: RN-017 | I12: approver | J12: resolved from the record (registry hold until StaffNoticeDelivery.recipients = staff) | K12: config/staff-notice-templates.config.js | L12: No | M12: No (text header, no logo, no DGO mark) | N12: Palette held by tests/staff-notice.test.mjs; layout and logo unchecked | O12: Client code; frame live | P12: GAP | Q12: F1: a complete document wrapped again by the IP_SEND_EMAIL frame: "Dear Sir/Madam," plus its own greeting, two headers, labelled "Official correspondence". F4: outside the owner's brand set; on the palette (tests/staff-notice.test.mjs), but no logo and no DGO mark on internal mail. | R12: Render a body fragment for the frame; add to the brand review.
A13: TR-077 | B13: Client e-mail · staff notice | C13: Folio Workspace | D13: approval-decision — Decision on {{referenceId}}: {{decision}} | E13: core/staff-notice-service.js → EMAIL (IP_SEND_EMAIL) | F13: df59a69f-92ca-4554-ae68-6b464aa73ef7 | G13: StaffNoticeTemplates["RN-018"] | H13: RN-018 | I13: originator | J13: resolved from the record (registry hold until StaffNoticeDelivery.recipients = staff) | K13: config/staff-notice-templates.config.js | L13: No | M13: No (text header, no logo, no DGO mark) | N13: Palette held by tests/staff-notice.test.mjs; layout and logo unchecked | O13: Client code; frame live | P13: GAP | Q13: F1: a complete document wrapped again by the IP_SEND_EMAIL frame: "Dear Sir/Madam," plus its own greeting, two headers, labelled "Official correspondence". F4: outside the owner's brand set; on the palette (tests/staff-notice.test.mjs), but no logo and no DGO mark on internal mail. | R13: Render a body fragment for the frame; add to the brand review.
A14: TR-078 | B14: Client e-mail · staff notice | C14: Folio Workspace | D14: reassignment — Reassigned to you: {{referenceId}} — {{title}} | E14: core/staff-notice-service.js → EMAIL (IP_SEND_EMAIL) | F14: df59a69f-92ca-4554-ae68-6b464aa73ef7 | G14: StaffNoticeTemplates["RN-019"] | H14: RN-019 | I14: assignee | J14: resolved from the record (registry hold until StaffNoticeDelivery.recipients = staff) | K14: config/staff-notice-templates.config.js | L14: No | M14: No (text header, no logo, no DGO mark) | N14: Palette held by tests/staff-notice.test.mjs; layout and logo unchecked | O14: Client code; frame live | P14: GAP | Q14: F1: a complete document wrapped again by the IP_SEND_EMAIL frame: "Dear Sir/Madam," plus its own greeting, two headers, labelled "Official correspondence". F4: outside the owner's brand set; on the palette (tests/staff-notice.test.mjs), but no logo and no DGO mark on internal mail. | R14: Render a body fragment for the frame; add to the brand review.
A15: TR-079 | B15: Client e-mail · staff notice | C15: Folio Workspace | D15: comment — New comment on {{referenceId}} — {{title}} | E15: core/staff-notice-service.js → EMAIL (IP_SEND_EMAIL) | F15: df59a69f-92ca-4554-ae68-6b464aa73ef7 | G15: StaffNoticeTemplates["RN-020"] | H15: RN-020 | I15: assignee | J15: resolved from the record (registry hold until StaffNoticeDelivery.recipients = staff) | K15: config/staff-notice-templates.config.js | L15: No | M15: No (text header, no logo, no DGO mark) | N15: Palette held by tests/staff-notice.test.mjs; layout and logo unchecked | O15: Client code; frame live | P15: GAP | Q15: F1: a complete document wrapped again by the IP_SEND_EMAIL frame: "Dear Sir/Madam," plus its own greeting, two headers, labelled "Official correspondence". F4: outside the owner's brand set; on the palette (tests/staff-notice.test.mjs), but no logo and no DGO mark on internal mail. | R15: Render a body fragment for the frame; add to the brand review.
A16: TR-080 | B16: Client e-mail · staff notice | C16: Folio Workspace | D16: escalation — Escalated (level {{level}}): {{referenceId}} — {{title}} | E16: core/staff-notice-service.js → EMAIL (IP_SEND_EMAIL) | F16: df59a69f-92ca-4554-ae68-6b464aa73ef7 | G16: StaffNoticeTemplates["RN-034"] | H16: RN-034 | I16: owner | J16: resolved from the record (registry hold until StaffNoticeDelivery.recipients = staff) | K16: config/staff-notice-templates.config.js | L16: No | M16: No (text header, no logo, no DGO mark) | N16: Palette held by tests/staff-notice.test.mjs; layout and logo unchecked | O16: Client code; frame live | P16: GAP | Q16: F1: a complete document wrapped again by the IP_SEND_EMAIL frame: "Dear Sir/Madam," plus its own greeting, two headers, labelled "Official correspondence". F4: outside the owner's brand set; on the palette (tests/staff-notice.test.mjs), but no logo and no DGO mark on internal mail. | R16: Render a body fragment for the frame; add to the brand review.
A17: TR-081 | B17: Client e-mail · staff notice | C17: Folio Workspace | D17: delegation — Delegated to you: {{referenceId}} — {{title}} | E17: core/staff-notice-service.js → EMAIL (IP_SEND_EMAIL) | F17: df59a69f-92ca-4554-ae68-6b464aa73ef7 | G17: StaffNoticeTemplates["RN-036"] | H17: RN-036 | I17: assignee | J17: resolved from the record (registry hold until StaffNoticeDelivery.recipients = staff) | K17: config/staff-notice-templates.config.js | L17: No | M17: No (text header, no logo, no DGO mark) | N17: Palette held by tests/staff-notice.test.mjs; layout and logo unchecked | O17: Client code; frame live | P17: GAP | Q17: F1: a complete document wrapped again by the IP_SEND_EMAIL frame: "Dear Sir/Madam," plus its own greeting, two headers, labelled "Official correspondence". F4: outside the owner's brand set; on the palette (tests/staff-notice.test.mjs), but no logo and no DGO mark on internal mail. | R17: Render a body fragment for the frame; add to the brand review.
A18: TR-040 | B18: Flow e-mail · catalogue | C18: Folio Workspace | D18: EMAIL.email-with-attachments — email-with-attachments | E18: IP_SEND_EMAIL | F18: df59a69f-92ca-4554-ae68-6b464aa73ef7 | G18: Send_Email_With_Attachments | H18: RN-021, RN-022, RN-024 | J18: @outputs('Compose_SendEmail_Recipients') | K18: email-catalogue/shared/email-with-attachments.html | L18: Yes | M18: Yes | N18: Palette, alt text, width and image host checked (test:emailcatalogue, test:brand; ACCEPTANCE 51/51) | O18: Live, identical to template | P18: GAP | Q18: F1: since release 36 this frame wraps the client bodies (staff notices, Correspondence Desk letters, reports, statistics), which are complete documents: two greetings, two headers, nested pages, all labelled "Official correspondence". | R18: Send body fragments from the Workspace (no flow release), or make the frame pass a complete document through.
A19: TR-041 | B19: Flow e-mail · catalogue | C19: Folio Workspace | D19: EMAIL.email — email | E19: IP_SEND_EMAIL | F19: df59a69f-92ca-4554-ae68-6b464aa73ef7 | G19: Send_Email | H19: RN-012, 015, 017, 018, 019, 020, 021, 022, 024, 034, 036 | J19: @outputs('Compose_SendEmail_Recipients') | K19: email-catalogue/shared/email-with-attachments.html | L19: Yes | M19: Yes | N19: Palette, alt text, width and image host checked (test:emailcatalogue, test:brand; ACCEPTANCE 51/51) | O19: Live, identical to template | P19: GAP | Q19: F1: since release 36 this frame wraps the client bodies (staff notices, Correspondence Desk letters, reports, statistics), which are complete documents: two greetings, two headers, nested pages, all labelled "Official correspondence". | R19: Send body fragments from the Workspace (no flow release), or make the frame pass a complete document through.
A20: TR-052 | B20: Flow e-mail · no catalogue template | C20: Folio Workspace | D20: Flow run telemetry | E20: BULK_OPS_DATA_RETRIEVAL_HTTP | F20: 5aab9e61-ab9f-4af1-9f2b-eaba23a1bf06 | G20: Send_Telemetry_Email | H20: operational | J20: dgsRegistry@nitda.gov.ng | K20: inline in the flow definition | L20: No | M20: No | O20: Live | P20: GAP | Q20: A 249-character telemetry mail outside the package scope, to a fixed address; not in the catalogue. | R20: Remove it, or bring it into the package and catalogue.
A21: TR-055 | B21: Flow e-mail · no catalogue template | C21: Governance (Estate Console) | D21: Run report (final status) to the registry | E21: 01 - GOV - Provision HTTP Flow Registry | F21: 17a85efb-1ed2-45c9-a602-2ad6f8bb7ead | G21: Send_Final_Report_Email | H21: RN-028, SN-006 | J21: @concat('dgsregistry@nitda.gov.ng',if(or(empty(trim(string(coalesce(triggerOutputs()?['hea | K21: inline in the flow definition | L21: No | M21: No | N21: Not covered by any brand check; captured body uses off-palette colours (#004578 and others) and Segoe UI | O21: Live, unchanged since 2026-10-01 capture | P21: GAP | Q21: F3: Outside the catalogue: not generated from a template, not brand-reviewed. Bare document: no language tag, preview text or logo. | R21: Bring under the catalogue (a flow package or a template file), or record why not.
A22: TR-056 | B22: Flow e-mail · no catalogue template | C22: Governance (Estate Console) | D22: Run report (final status) to the registry | E22: 02 - GOV - Register HTTP Flow Truth | F22: 651ae389-eeed-4bf0-9799-67bd964ebe71 | G22: Send_Final_Report_Email | H22: SN-006 | J22: dgsRegistry@nitda.gov.ng | K22: inline in the flow definition | L22: No | M22: No | N22: Not covered by any brand check; captured body uses off-palette colours (#004578 and others) and Segoe UI | O22: Live, unchanged since 2026-10-01 capture | P22: GAP | Q22: F3: Outside the catalogue: not generated from a template, not brand-reviewed. Bare document: no language tag, preview text or logo. | R22: Bring under the catalogue (a flow package or a template file), or record why not.
A23: TR-057 | B23: Flow e-mail · no catalogue template | C23: Governance (Estate Console) | D23: Run report (final status) to the registry | E23: 03 - GOV - Record HTTP Flow Execution | F23: 0545e19a-c34a-45db-bd11-27b87a34973e | G23: Send_Final_Report_Email | H23: SN-006 | J23: dgsRegistry@nitda.gov.ng | K23: inline in the flow definition | L23: No | M23: No | N23: Not covered by any brand check; captured body uses off-palette colours (#004578 and others) and Segoe UI | O23: Live, unchanged since 2026-10-01 capture | P23: GAP | Q23: F3: Outside the catalogue: not generated from a template, not brand-reviewed. Bare document: no language tag, preview text or logo. | R23: Bring under the catalogue (a flow package or a template file), or record why not.
A24: TR-058 | B24: Flow e-mail · no catalogue template | C24: Governance (Estate Console) | D24: Stale flow alert to technical owner | E24: 04 - GOV - Audit HTTP Flow Registry | F24: 3e9e1342-5027-4c0f-bdd3-1e06aa7f2a3b | G24: Send_Stale_Owner_And_Governance_Alert | H24: SN-006 | J24: @coalesce(item()?['TechnicalOwnerEmail'],'dgsRegistry@nitda.gov.ng') | K24: inline in the flow definition | L24: No | M24: No | N24: Not covered by any brand check; captured body uses off-palette colours (#004578 and others) and Segoe UI | O24: Live, unchanged since 2026-10-01 capture | P24: GAP | Q24: F3: Outside the catalogue: not generated from a template, not brand-reviewed. Logo loads from nitda.gov.ng/assets/, not the Portal host the owner set on 2026-10-18. | R24: Bring under the catalogue (a flow package or a template file), or record why not.
A25: TR-059 | B25: Flow e-mail · no catalogue template | C25: Governance (Estate Console) | D25: Stale flow reminder or escalation | E25: 04 - GOV - Audit HTTP Flow Registry | F25: 3e9e1342-5027-4c0f-bdd3-1e06aa7f2a3b | G25: Send_Stale_Reminder_Or_Escalation | H25: SN-006 | J25: @coalesce(item()?['TechnicalOwnerEmail'],'dgsRegistry@nitda.gov.ng') | K25: inline in the flow definition | L25: No | M25: No | N25: Not covered by any brand check; captured body uses off-palette colours (#004578 and others) and Segoe UI | O25: Live, unchanged since 2026-10-01 capture | P25: GAP | Q25: F3: Outside the catalogue: not generated from a template, not brand-reviewed. Logo loads from nitda.gov.ng/assets/, not the Portal host the owner set on 2026-10-18. | R25: Bring under the catalogue (a flow package or a template file), or record why not.
A26: TR-060 | B26: Flow e-mail · no catalogue template | C26: Governance (Estate Console) | D26: Failing flow alert to technical owner | E26: 04 - GOV - Audit HTTP Flow Registry | F26: 3e9e1342-5027-4c0f-bdd3-1e06aa7f2a3b | G26: Send_Failure_Owner_And_Governance_Alert | H26: SN-006 | J26: @coalesce(item()?['TechnicalOwnerEmail'],'dgsRegistry@nitda.gov.ng') | K26: inline in the flow definition | L26: No | M26: No | N26: Not covered by any brand check; captured body uses off-palette colours (#004578 and others) and Segoe UI | O26: Live, unchanged since 2026-10-01 capture | P26: GAP | Q26: F3: Outside the catalogue: not generated from a template, not brand-reviewed. Logo loads from nitda.gov.ng/assets/, not the Portal host the owner set on 2026-10-18. | R26: Bring under the catalogue (a flow package or a template file), or record why not.
A27: TR-061 | B27: Flow e-mail · no catalogue template | C27: Governance (Estate Console) | D27: Failing flow reminder or escalation | E27: 04 - GOV - Audit HTTP Flow Registry | F27: 3e9e1342-5027-4c0f-bdd3-1e06aa7f2a3b | G27: Send_Failure_Reminder_Or_Escalation | H27: SN-006 | J27: @coalesce(item()?['TechnicalOwnerEmail'],'dgsRegistry@nitda.gov.ng') | K27: inline in the flow definition | L27: No | M27: No | N27: Not covered by any brand check; captured body uses off-palette colours (#004578 and others) and Segoe UI | O27: Live, unchanged since 2026-10-01 capture | P27: GAP | Q27: F3: Outside the catalogue: not generated from a template, not brand-reviewed. Logo loads from nitda.gov.ng/assets/, not the Portal host the owner set on 2026-10-18. | R27: Bring under the catalogue (a flow package or a template file), or record why not.
A28: TR-062 | B28: Flow e-mail · no catalogue template | C28: Governance (Estate Console) | D28: Flow recovered ([CLEARED]) | E28: 04 - GOV - Audit HTTP Flow Registry | F28: 3e9e1342-5027-4c0f-bdd3-1e06aa7f2a3b | G28: Send_Recovery_Notification | H28: SN-006 | J28: @coalesce(first(body('Get_Recovery_Registry_Record')?['value'])?['TechnicalOwnerEmail'],it | K28: inline in the flow definition | L28: No | M28: No | N28: Not covered by any brand check; captured body uses off-palette colours (#004578 and others) and Segoe UI | O28: Live, unchanged since 2026-10-01 capture | P28: GAP | Q28: F3: Outside the catalogue: not generated from a template, not brand-reviewed. Logo loads from nitda.gov.ng/assets/, not the Portal host the owner set on 2026-10-18. | R28: Bring under the catalogue (a flow package or a template file), or record why not.
A29: TR-063 | B29: Flow e-mail · no catalogue template | C29: Governance (Estate Console) | D29: Run report (final status) to the registry | E29: 04 - GOV - Audit HTTP Flow Registry | F29: 3e9e1342-5027-4c0f-bdd3-1e06aa7f2a3b | G29: Send_Final_Report_Email | H29: SN-006 | J29: dgsRegistry@nitda.gov.ng | K29: inline in the flow definition | L29: No | M29: No | N29: Not covered by any brand check; captured body uses off-palette colours (#004578 and others) and Segoe UI | O29: Live, unchanged since 2026-10-01 capture | P29: GAP | Q29: F3: Outside the catalogue: not generated from a template, not brand-reviewed. Bare document: no language tag, preview text or logo. | R29: Bring under the catalogue (a flow package or a template file), or record why not.
A30: TR-064 | B30: Flow e-mail · no catalogue template | C30: Governance (Estate Console) | D30: Execution report to the registry | E30: 05 - GOV - Retire HTTP Flow | F30: 493b4ab7-8f63-4fab-8121-746c2cac7f98 | G30: Send_Execution_Report_Email | H30: SN-006 | J30: dgsRegistry@nitda.gov.ng | K30: inline in the flow definition | L30: No | M30: No | N30: Not covered by any brand check; captured body uses off-palette colours (#004578 and others) and Segoe UI | O30: Live, unchanged since 2026-10-01 capture | P30: GAP | Q30: F3: Outside the catalogue: not generated from a template, not brand-reviewed. Bare document: no language tag, preview text or logo. | R30: Bring under the catalogue (a flow package or a template file), or record why not.
A31: TR-065 | B31: Flow e-mail · no catalogue template | C31: Governance (Estate Console) | D31: Run report (final status) to the registry | E31: 05 - GOV - Retire HTTP Flow | F31: 493b4ab7-8f63-4fab-8121-746c2cac7f98 | G31: Send_Final_Report_Email | H31: SN-006 | J31: dgsRegistry@nitda.gov.ng | K31: inline in the flow definition | L31: No | M31: No | N31: Not covered by any brand check; captured body uses off-palette colours (#004578 and others) and Segoe UI | O31: Live, unchanged since 2026-10-01 capture | P31: GAP | Q31: F3: Outside the catalogue: not generated from a template, not brand-reviewed. Bare document: no language tag, preview text or logo. | R31: Bring under the catalogue (a flow package or a template file), or record why not.
A32: TR-066 | B32: Flow e-mail · no catalogue template | C32: Governance (Estate Console) | D32: Registry exception to its assignee | E32: 06 - GOV - Registry Exception Notification | F32: 87a74d7e-7435-4e34-baa1-7e759ebf5565 | G32: Send_Exception_Email | H32: RN-039 | J32: @if(or(empty(trim(string(item()?['AssignedToEmail']))),equals(toLower(trim(string(item()?[ | K32: inline in the flow definition | L32: No | M32: No | N32: Not covered by any brand check; captured body uses off-palette colours (#004578 and others) and Segoe UI | O32: Live, unchanged since 2026-10-01 capture | P32: GAP | Q32: F3: Outside the catalogue: not generated from a template, not brand-reviewed. Bare document: no language tag, preview text or logo. | R32: Bring under the catalogue (a flow package or a template file), or record why not.
... A36: TR-070 | B36: Flow e-mail · no catalogue template | C36: Governance (Estate Console) | D36: Run report (final status) to the registry | E36: 08 - GOV - Discover and Register HTTP Consumers | F36: f5e7679f-ca1b-4216-8a6e-bb6c044ed06f | G36: Send_Final_Report_Email | H36: SN-006 | J36: dgsRegistry@nitda.gov.ng | K36: inline in the flow definition | L36: No | M36: No | N36: Not covered by any brand check; captured body uses off-palette colours (#004578 and others) and Segoe UI | O36: Live, unchanged since 2026-10-01 capture | P36: GAP | Q36: F3: Outside the catalogue: not generated from a template, not brand-reviewed. Bare document: no language tag, preview text or logo. | R36: Bring under the catalogue (a flow package or a template file), or record why not.
A37: TR-071 | B37: Flow e-mail · no catalogue template | C37: Correspondence Mailer | D37: Mailer sign-in code | E37: DGO_MAIL_AUTH | F37: 7d90f8f0-fa91-4aed-899c-b2bce5b70694 | G37: Send_Code | H37: operational | J37: @outputs('Compose_Challenge')?['email'] | K37: inline in the flow definition | L37: No | M37: No | O37: Live, unchanged since 2026-10-01 capture | P37: GAP | Q37: F4: Outside the catalogue: not generated from a template, not brand-reviewed. Bare three-paragraph body; the code is in the subject line. | R37: Bring under the catalogue (a flow package or a template file), or record why not.
A38: TR-107 | B38: Implied, not sent | C38: Folio Workspace | D38: Internal support request ("Ask the support team") | E38: core/support-service.js → SUBSIDIARY_ACTIONS (CREATESUPPORTREQUEST) | F38: 31c0aaf0-ddbb-478c-9a98-bc013265c4c7 | H38: none (supportEmail dgs@nitda.gov.ng in config/support-routing.config.js) | K38: none (old library IP-10) | L38: No | P38: GAP | Q38: F5: the flow has no case for CREATESUPPORTREQUEST, so no mail reaches dgs@nitda.gov.ng. | R38: Decide: implement the route and a template, or remove the panel.
A39: TR-091 | B39: Mailer letter | C39: Correspondence Mailer | D39: cover-letter — Official letter — cover email (letter attached) | E39: DGO_MAIL_SEND | F39: 0fb53e16-fa57-41a9-9880-752c3a4d4749 | G39: mailer/js/seed-templates.js | H39: Mailer correspondence | I39: correspondent (external) | K39: mailer/js/seed-templates.js | L39: No | M39: No | N39: Not covered by any brand check | O39: Mailer client; send flow live | P39: GAP | Q39: F4: starter letter outside the catalogue and every brand check: set in Cambria serif with #1B1B1B, neither a brand face nor a palette value. | R39: Review against the brand set.
A40: TR-092 | B40: Mailer letter | C40: Correspondence Mailer | D40: invitation — Invitation — meeting, workshop or engagement | E40: DGO_MAIL_SEND | F40: 0fb53e16-fa57-41a9-9880-752c3a4d4749 | G40: mailer/js/seed-templates.js | H40: Mailer correspondence | I40: correspondent (external) | K40: mailer/js/seed-templates.js | L40: No | M40: No | N40: Not covered by any brand check | O40: Mailer client; send flow live | P40: GAP | Q40: F4: starter letter outside the catalogue and every brand check: set in Cambria serif with #1B1B1B, neither a brand face nor a palette value. | R40: Review against the brand set.
A41: TR-093 | B41: Mailer letter | C41: Correspondence Mailer | D41: follow-up — Follow-up — reminder on an earlier letter | E41: DGO_MAIL_SEND | F41: 0fb53e16-fa57-41a9-9880-752c3a4d4749 | G41: mailer/js/seed-templates.js | H41: Mailer correspondence | I41: correspondent (external) | K41: mailer/js/seed-templates.js | L41: No | M41: No | N41: Not covered by any brand check | O41: Mailer client; send flow live | P41: GAP | Q41: F4: starter letter outside the catalogue and every brand check: set in Cambria serif with #1B1B1B, neither a brand face nor a palette value. | R41: Review against the brand set.
A42: TR-094 | B42: Mailer letter | C42: Correspondence Mailer | D42: Letterhead variant — Official Correspondence | E42: DGO_MAIL_SEND | F42: 0fb53e16-fa57-41a9-9880-752c3a4d4749 | G42: mailer/js/letterhead.js (letterhead.generated.js) | H42: Mailer correspondence | I42: correspondent (external) | K42: compiled from config/correspondence-email-templates.config.js | L42: No | M42: No | N42: NITDA alone held by test:brand (letterhead.js); colours from the checked config | O42: Mailer client; send flow live | P42: GAP | Q42: F4: byte-identical to the Correspondence Desk letter, with its structural shortfalls (no double frame: DGO_MAIL_SEND passes it through). | R42: Fixed with the Correspondence Desk rebuild.
A43: TR-095 | B43: Mailer letter | C43: Correspondence Mailer | D43: Letterhead variant — Request for Information / Documents | E43: DGO_MAIL_SEND | F43: 0fb53e16-fa57-41a9-9880-752c3a4d4749 | G43: mailer/js/letterhead.js (letterhead.generated.js) | H43: Mailer correspondence | I43: correspondent (external) | K43: compiled from config/correspondence-email-templates.config.js | L43: No | M43: No | N43: NITDA alone held by test:brand (letterhead.js); colours from the checked config | O43: Mailer client; send flow live | P43: GAP | Q43: F4: byte-identical to the Correspondence Desk letter, with its structural shortfalls (no double frame: DGO_MAIL_SEND passes it through). | R43: Fixed with the Correspondence Desk rebuild.
A44: TR-096 | B44: Mailer letter | C44: Correspondence Mailer | D44: Letterhead variant — Document Transmittal | E44: DGO_MAIL_SEND | F44: 0fb53e16-fa57-41a9-9880-752c3a4d4749 | G44: mailer/js/letterhead.js (letterhead.generated.js) | H44: Mailer correspondence | I44: correspondent (external) | K44: compiled from config/correspondence-email-templates.config.js | L44: No | M44: No | N44: NITDA alone held by test:brand (letterhead.js); colours from the checked config | O44: Mailer client; send flow live | P44: GAP | Q44: F4: byte-identical to the Correspondence Desk letter, with its structural shortfalls (no double frame: DGO_MAIL_SEND passes it through). | R44: Fixed with the Correspondence Desk rebuild.
A45: TR-097 | B45: Mailer letter | C45: Correspondence Mailer | D45: Letterhead variant — Meeting / Engagement Invitation | E45: DGO_MAIL_SEND | F45: 0fb53e16-fa57-41a9-9880-752c3a4d4749 | G45: mailer/js/letterhead.js (letterhead.generated.js) | H45: Mailer correspondence | I45: correspondent (external) | K45: compiled from config/correspondence-email-templates.config.js | L45: No | M45: No | N45: NITDA alone held by test:brand (letterhead.js); colours from the checked config | O45: Mailer client; send flow live | P45: GAP | Q45: F4: byte-identical to the Correspondence Desk letter, with its structural shortfalls (no double frame: DGO_MAIL_SEND passes it through). | R45: Fixed with the Correspondence Desk rebuild.
A46: TR-098 | B46: Mailer letter | C46: Correspondence Mailer | D46: Letterhead variant — Circular / General Notice | E46: DGO_MAIL_SEND | F46: 0fb53e16-fa57-41a9-9880-752c3a4d4749 | G46: mailer/js/letterhead.js (letterhead.generated.js) | H46: Mailer correspondence | I46: correspondent (external) | K46: compiled from config/correspondence-email-templates.config.js | L46: No | M46: No | N46: NITDA alone held by test:brand (letterhead.js); colours from the checked config | O46: Mailer client; send flow live | P46: GAP | Q46: F4: byte-identical to the Correspondence Desk letter, with its structural shortfalls (no double frame: DGO_MAIL_SEND passes it through). | R46: Fixed with the Correspondence Desk rebuild.
A47: TR-099 | B47: Mailer letter | C47: Correspondence Mailer | D47: Letterhead variant — Closure / Final Response | E47: DGO_MAIL_SEND | F47: 0fb53e16-fa57-41a9-9880-752c3a4d4749 | G47: mailer/js/letterhead.js (letterhead.generated.js) | H47: Mailer correspondence | I47: correspondent (external) | K47: compiled from config/correspondence-email-templates.config.js | L47: No | M47: No | N47: NITDA alone held by test:brand (letterhead.js); colours from the checked config | O47: Mailer client; send flow live | P47: GAP | Q47: F4: byte-identical to the Correspondence Desk letter, with its structural shortfalls (no double frame: DGO_MAIL_SEND passes it through). | R47: Fixed with the Correspondence Desk rebuild.
A48: TR-036 | B48: Flow e-mail · catalogue | C48: Folio Workspace | D48: BULK_ASSIGNMENT.an-email-v2-main-5 — an-email-v2-main-5 | E48: BULK_OPS_DATA_RETRIEVAL_HTTP | F48: 5aab9e61-ab9f-4af1-9f2b-eaba23a1bf06 | G48: Send_an_email_(V2)_Main_5 | H48: RN-010, RN-011, RN-038 | J48: @outputs('Compose_Email_To_2') | K48: email-catalogue/shared/an-email-v2-main-5.html | L48: Yes | M48: Yes | N48: Palette, alt text, width and image host checked (test:emailcatalogue, test:brand; ACCEPTANCE 51/51) | O48: Live, identical to template | P48: DECISION | Q48: B2: internal message without the DGO Digital Ops logo that the owner's 2026-10-18 resolution puts on internal mail. | R48: Owner to decide: add the DGO logo, or record the exception.
A49: TR-037 | B49: Flow e-mail · catalogue | C49: Folio Workspace | D49: BULK_ASSIGNMENT.bulk-failure — bulk-failure | E49: BULK_OPS_DATA_RETRIEVAL_HTTP | F49: 5aab9e61-ab9f-4af1-9f2b-eaba23a1bf06 | G49: Send_Bulk_Failure_Email | H49: operational (no RN row) | J49: @if(contains(outputs('Compose_Bulk_Task')?['CreatedBy'],'@'),outputs('Compose_Bulk_Task')?['CreatedBy'],'dgsregistry@nitda.gov.ng') | K49: email-catalogue/BULK_ASSIGNMENT__BULK_OPS_DATA_RETRIEVAL_HTTP__5aab9e61/Send_Bulk_Failure_Email.html | L49: Yes | M49: Yes | N49: Palette, alt text, width and image host checked (test:emailcatalogue, test:brand; ACCEPTANCE 51/51) | O49: Live, identical to template | P49: DECISION | Q49: B2: internal message without the DGO Digital Ops logo that the owner's 2026-10-18 resolution puts on internal mail. | R49: Owner to decide: add the DGO logo, or record the exception.
A50: TR-039 | B50: Flow e-mail · catalogue | C50: Folio Workspace | D50: EMAIL_RELATED_TASK.an-email-v2-main-1-1-1 — an-email-v2-main-1-1-1 | E50: IP_Create_Task_for_received_Email_Endpoint | F50: ab1a3555-7fce-4bfe-a193-b8b84654b0a4 | G50: Send_an_email_(V2)_Main_1_1_1 | H50: RN-009 | J50: @toLower(trim(string(coalesce(outputs('Get_item_Task_Email')?['body/AssignedTo'],outputs('Compose_Email_Task_Input')?['NewActivityTask']?['AssignedTo'],'')))) | K50: email-catalogue/EMAIL_RELATED_TASK__IP_Create_Task_for_received_Email_Endpoint__ab1a3555/Send_an_email_V2_Main_1_1_1.html | L50: Yes | M50: Yes | N50: Palette, alt text, width and image host checked (test:emailcatalogue, test:brand; ACCEPTANCE 51/51) | O50: Live, identical to template | P50: DECISION | Q50: B2: internal message without the DGO Digital Ops logo that the owner's 2026-10-18 resolution puts on internal mail. | R50: Owner to decide: add the DGO logo, or record the exception.
A51: TR-044 | B51: Flow e-mail · catalogue | C51: Flow estate (background) | D51: NOKEY.digest — digest | E51: AUTO_SCHEDULED_SWEEP | F51: 8c19b45c-4174-4d2f-9429-ffd08dd1a5ae | G51: Send_Digest_Email | H51: RN-013, RN-014 | J51: @if(equals(outputs('Compose_Notify_Config')?['staffRecipients'],true),items('Foreach_Digest_Recipient'),outputs('Compose_Notify_Config')?['opsTo']) | K51: email-catalogue/NOKEY__AUTO_SCHEDULED_SWEEP__8c19b45c/Send_Digest_Email.html | L51: Yes | M51: Yes | N51: Palette, alt text, width and image host checked (test:emailcatalogue, test:brand; ACCEPTANCE 51/51) | O51: Live, identical to template | P51: DECISION | Q51: B2: internal message without the DGO Digital Ops logo that the owner's 2026-10-18 resolution puts on internal mail. | R51: Owner to decide: add the DGO logo, or record the exception.
A52: TR-045 | B52: Flow e-mail · catalogue | C52: Flow estate (background) | D52: NOKEY.task-reminder — task-reminder | E52: AUTO_SCHEDULED_SWEEP | F52: 8c19b45c-4174-4d2f-9429-ffd08dd1a5ae | G52: Send_Task_Reminder_Email | H52: RN-035 | J52: @if(equals(outputs('Compose_Notify_Config')?['staffRecipients'],true),toLower(trim(string(coalesce(items('Foreach_Due_Reminder')?['AssignedTo'],'')))),outputs(' | K52: email-catalogue/NOKEY__AUTO_SCHEDULED_SWEEP__8c19b45c/Send_Task_Reminder_Email.html | L52: Yes | M52: Automated checks only (added after the review) | N52: Palette, alt text, width and image host checked (test:emailcatalogue, test:brand; ACCEPTANCE 51/51) | O52: Live, identical to template | P52: DECISION | Q52: B2: internal message without the DGO Digital Ops logo that the owner's 2026-10-18 resolution puts on internal mail. | R52: Owner to decide: add the DGO logo, or record the exception.
A53: TR-048 | B53: Flow e-mail · catalogue | C53: Flow estate (background) | D53: NOKEY.an-email-v2 — an-email-v2 | E53: Folio_Incoming_Correspondence_Scan_Processing_Flow | F53: 197527c8-e76c-4f7d-81b8-3cb5c88b1c6c | G53: Send_an_email_(V2) | H53: RN-029 | J53: dgsregistry@nitda.gov.ng | K53: email-catalogue/NOKEY__Folio_Incoming_Correspondence_Scan_Processing_Flow__197527c8/Send_an_email_V2.html | L53: Yes | M53: Yes | N53: On palette and brand host, but still PENDING in tests/brand-authority.test.mjs (B3) | O53: Live, identical to template | P53: DECISION | Q53: Fixed recipient dgsregistry@nitda.gov.ng (by owner decision for registry mail). B2: internal message without the DGO Digital Ops logo that the owner's 2026-10-18 resolution puts on internal mail. | R53: Owner to decide: add the DGO logo, or record the exception.
A54: TR-049 | B54: Flow e-mail · catalogue | C54: Folio Workspace | D54: OTP_GENERATE.an-email-v2 — an-email-v2 | E54: IP_OTP_GENERATE | F54: e5632336-641f-4b9b-bd93-99185b5eb975 | G54: Send_an_email_(V2) | H54: RN-016 | J54: @outputs('Create_item_OTP_Record')?['body/Title'] | K54: email-catalogue/shared/an-email-v2.html | L54: Yes | M54: Yes | N54: Palette, alt text, width and image host checked (test:emailcatalogue, test:brand; ACCEPTANCE 51/51) | O54: Live, identical to template | P54: DECISION | Q54: B2: internal message without the DGO Digital Ops logo that the owner's 2026-10-18 resolution puts on internal mail. | R54: Owner to decide: add the DGO logo, or record the exception.
A55: TR-050 | B55: Flow e-mail · catalogue | C55: Folio Workspace | D55: SINGLE_ASSIGNMENT.an-email-v2-main-5 — an-email-v2-main-5 | E55: Single_Task_Assignment | F55: 3caf9458-8d95-4740-a01b-6803dad97d34 | G55: Send_an_email_(V2)_Main_5 | H55: RN-009, RN-011, RN-038 | J55: @outputs('Compose_Email_To_2') | K55: email-catalogue/shared/an-email-v2-main-5.html | L55: Yes | M55: Yes | N55: Palette, alt text, width and image host checked (test:emailcatalogue, test:brand; ACCEPTANCE 51/51) | O55: Live, identical to template | P55: DECISION | Q55: B2: internal message without the DGO Digital Ops logo that the owner's 2026-10-18 resolution puts on internal mail. | R55: Owner to decide: add the DGO logo, or record the exception.
A56: TR-108 | B56: Implied, not sent | C56: Document Portal | D56: Citizen told acknowledgement is overdue (3 working days missed) | E56: none (CG_Portal_Daily_Sweep tells the registry only) | F56: f12aec6d-1554-483d-a525-a96ddb60d06f | H56: none (Portal promise: acknowledged within 3 working days) | K56: none (old library DP-08) | L56: No | P56: DECISION | Q56: F5: the tracking page shows "overdue"; no e-mail tells the citizen. | R56: Owner decision: add a notice, or leave the tracking page as the only signal.
A57: TR-100 | B57: Mailer letter | C57: Correspondence Mailer | D57: Operator-authored letter templates | E57: DGO_MAIL_TEMPLATES / DGO_MAIL_SEND | F57: 176f7af5-7ffc-41d0-910b-e17b5587ebbd | G57: SharePoint list DGOMailTemplates | H57: Mailer correspondence | K57: tenant only (not in the repository) | L57: No | M57: Unknown | O57: Not visible from the repository | P57: DECISION | Q57: F4: count and content unknown; operators can add any HTML. | R57: Export the list and review, or set a rule for operator templates.
A58: TR-133 | B58: Old library (unwired) | C58: Folio Workspace | D58: nitda-ip-10-internal-support-request — Internal Support Request | G58: Staff member raises an internal support request to the IT department. | K58: deployment/notification-instrument/email-templates/deploy/nitda-ip-10-internal-support-request.html | L58: No | M58: No | O58: Not wired to any flow | P58: DECISION | Q58: F7: kept beside the catalogue against the 2026-10-03 one-source decision. Live equivalent: none (see "Implied, not sent"). | R58: Mark superseded (or archive) and keep the catalogue as the one source.
A59: TR-143 | B59: Old library (unwired) | C59: Document Portal | D59: nitda-dp-08-acknowledgement-overdue — Acknowledgement Clock Overdue | G59: Working-day acknowledgement clock passes 3 days without substantive acknowledgement. | K59: deployment/notification-instrument/email-templates/deploy/nitda-dp-08-acknowledgement-overdue.html | L59: No | M59: No | O59: Not wired to any flow | P59: DECISION | Q59: F7: kept beside the catalogue against the 2026-10-03 one-source decision. Live equivalent: none (see "Implied, not sent"). | R59: Mark superseded (or archive) and keep the catalogue as the one source.
A60: TR-109 | B60: Specified flow · not in the adopted estate | C60: Tools / flow estate | D60: Send_Run_Report | E60: DGO_USERDIRECTORY_SYNC | G60: Send_Run_Report | K60: surfaces/governance/DGO_USERDIRECTORY_SYNC.Scope_Global.designer-paste.json | L60: No | M60: No | O60: Not among the 43 adopted flows | P60: NOT DEPLOYED | Q60: F6: Branded run report, no logo. | R60: Bring into the catalogue before deployment.
A61: TR-110 | B61: Specified flow · not in the adopted estate | C61: Tools / flow estate | D61: Send_Telemetry_Email | E61: DGO_USERDIRECTORY_SYNC | G61: Send_Telemetry_Email | K61: surfaces/governance/DGO_USERDIRECTORY_SYNC.Scope_Global.designer-paste.json | L61: No | M61: No | O61: Not among the 43 adopted flows | P61: NOT DEPLOYED | Q61: F6: Bare telemetry mail. | R61: Bring into the catalogue before deployment.
A62: TR-111 | B62: Specified flow · not in the adopted estate | C62: Tools / flow estate | D62: Send_Governance_Report_Email | E62: DGO_ENDPOINT_INVENTORY | G62: Send_Governance_Report_Email | K62: surfaces/internal/inventory/DGO_ENDPOINT_INVENTORY.designer-paste.json | L62: No | M62: No | O62: Not among the 43 adopted flows | P62: NOT DEPLOYED | Q62: F6: Bare report to a fixed address. | R62: Bring into the catalogue before deployment.
A63: TR-114 | B63: Specified flow · not in the adopted estate | C63: Tools / flow estate | D63: telemetry mail | E63: ECM_DOCS_INTAKE | G63: telemetry mail | K63: specified in deployment/sharepoint/DECISIONS.md; no package | L63: No | M63: No | O63: Not among the 43 adopted flows | P63: NOT DEPLOYED | Q63: F6: ITEM-66 surplus send; no tenant evidence. | R63: Bring into the catalogue before deployment.
A64: TR-115 | B64: Specified flow · not in the adopted estate | C64: Tools / flow estate | D64: (none specified) | E64: Notification processor | G64: (none specified) | K64: deployment/notification-instrument/notification-processor/processor-spec.json | L64: No | M64: No | O64: Not among the 43 adopted flows | P64: NOT DEPLOYED | Q64: F6: NOT_APPLIED; superseded by retry rule A (2026-10-17). | R64: Bring into the catalogue before deployment.
A65: TR-088 | B65: Client e-mail · correspondence | C65: Folio Workspace | D65: Attachment list partial | E65: IP_SEND_EMAIL (Compose_SendEmail_Attachment_Section) | F65: df59a69f-92ca-4554-ae68-6b464aa73ef7 | G65: partials/flow-attachment-section.html | H65: RN-021, RN-022 | K65: docs/reference/correspondence-email-templates/partials/flow-attachment-section.html | L65: Part of the IP_SEND_EMAIL template | M65: No | O65: Live | P65: INFO | Q65: The correspondence README step 4 still says the flow "adds one thing"; since release 36 it adds the whole frame. | R65: Correct the README.
A66: TR-072 | B66: Flow e-mail · no catalogue template | C66: Correspondence Mailer | D66: Mailer letter (shared mailbox) | E66: DGO_MAIL_SEND | F66: 0fb53e16-fa57-41a9-9880-752c3a4d4749 | G66: Send_From_Shared_Mailbox | H66: operational | J66: @join(outputs('Compose_Message')?['to'], ';') | K66: inline in the flow definition | L66: No | M66: No | O66: Live, unchanged since 2026-10-01 capture | P66: INFO | Q66: Passes through the letter the Mailer composes (see the Mailer rows).
A67: TR-073 | B67: Flow e-mail · no catalogue template | C67: Correspondence Mailer | D67: Mailer letter (connection account) | E67: DGO_MAIL_SEND | F67: 0fb53e16-fa57-41a9-9880-752c3a4d4749 | G67: Send_As_Connection | H67: operational | J67: @join(outputs('Compose_Message')?['to'], ';') | K67: inline in the flow definition | L67: No | M67: No | O67: Live, unchanged since 2026-10-01 capture | P67: INFO | Q67: Passes through the letter the Mailer composes (see the Mailer rows).
A68: TR-116 | B68: One-off set-up report | C68: Identification set-up | D68: Send_Email_With_Complete_Run_Record | E68: Scope_Phase1_Columns_Flow | G68: Send_Email_With_Complete_Run_Record | K68: packages/identification-phase1/Scope_Phase1_Columns_Flow.paste.json | L68: No | M68: No | O68: Not adopted (run once) | P68: INFO | Q68: Operator run report for a one-off set-up flow. | R68: None unless rerun.
A69: TR-117 | B69: One-off set-up report | C69: Identification set-up | D69: Send_Complete_Report | E69: Scope_Phase1_Complete_Flow | G69: Send_Complete_Report | K69: packages/identification-phase1/Scope_Phase1_Complete_Flow.paste.json | L69: No | M69: No | O69: Not adopted (run once) | P69: INFO | Q69: Operator run report for a one-off set-up flow. | R69: None unless rerun.
A70: TR-118 | B70: One-off set-up report | C70: Identification set-up | D70: Send_Finish_Report | E70: Scope_Phase1_Finish_Flow | G70: Send_Finish_Report | K70: packages/identification-phase1/Scope_Phase1_Finish_Flow.paste.json | L70: No | M70: No | O70: Not adopted (run once) | P70: INFO | Q70: Operator run report for a one-off set-up flow. | R70: None unless rerun.
A71: TR-119 | B71: One-off set-up report | C71: Identification set-up | D71: Send_GTQ_Report | E71: Scope_Phase1_GTQ_Indexes_Flow | G71: Send_GTQ_Report | K71: packages/identification-phase1/Scope_Phase1_GTQ_Indexes_Flow.paste.json | L71: No | M71: No | O71: Not adopted (run once) | P71: INFO | Q71: Operator run report for a one-off set-up flow. | R71: None unless rerun.
A72: TR-120 | B72: One-off set-up report | C72: Identification set-up | D72: Send_Check_Report | E72: Scope_Phase1_ListCheck_Flow | G72: Send_Check_Report | K72: packages/identification-phase1/Scope_Phase1_ListCheck_Flow.paste.json | L72: No | M72: No | O72: Not adopted (run once) | P72: INFO | Q72: Operator run report for a one-off set-up flow. | R72: None unless rerun.
A73: TR-121 | B73: One-off set-up report | C73: Identification set-up | D73: Send_Claim_Test_Report | E73: Scope_Phase2_ClaimTest_Flow | G73: Send_Claim_Test_Report | K73: packages/identification-phase2/Scope_Phase2_ClaimTest_Flow.paste.json | L73: No | M73: No | O73: Not adopted (run once) | P73: INFO | Q73: Operator run report for a one-off set-up flow. | R73: None unless rerun.
A74: TR-122 | B74: One-off set-up report | C74: Identification set-up | D74: Send_Survey_Report | E74: NOKEY__ID_Phase5_Survey__NOT_CAPTURED | G74: Send_Survey_Report | K74: packages/identification-phase5/NOKEY__ID_Phase5_Survey__NOT_CAPTURED.paste.json | L74: No | M74: No | O74: Not adopted (run once) | P74: INFO | Q74: Operator run report for a one-off set-up flow. | R74: None unless rerun.
A75: TR-123 | B75: One-off set-up report | C75: Identification set-up | D75: Send_Keys_Report | E75: NOKEY__ID_Phase5_Keys__NOT_CAPTURED | G75: Send_Keys_Report | K75: packages/identification-phase5/NOKEY__ID_Phase5_Keys__NOT_CAPTURED.paste.json | L75: No | M75: No | O75: Not adopted (run once) | P75: INFO | Q75: Operator run report for a one-off set-up flow. | R75: None unless rerun.
A76: TR-112 | B76: Specified flow · not in the adopted estate | C76: Tools / flow estate | D76: Send_an_email_Folio_Flow_Estate | E76: Folio Flow Estate — Live Report | G76: Send_an_email_Folio_Flow_Estate | K76: patches/folio-flows-in-use/2-body.designer-paste.json + scripts/lib/folio-flows-report.template.html | L76: No | M76: No | O76: Not among the 43 adopted flows | P76: INFO | Q76: F6: Run 2026-10-19 01:58 failed at this send: two CSV attachments were empty (defect in the package). | R76: Bring into the catalogue before deployment.
A77: TR-113 | B77: Specified flow · not in the adopted estate | C77: Tools / flow estate | D77: Send_Flow_Definitions_Email | E77: Folio_Flows_In_Use (live-read body, 2026-10-19) | G77: Send_Flow_Definitions_Email | K77: scratchpad paste built in this review | L77: No | M77: No | O77: Not among the 43 adopted flows | P77: INFO | Q77: F6: Ran 2026-10-19 02:32: 43 of 43 read. | R77: Tool; keep outside the catalogue.
A78: TR-149 | B78: Surplus send (matrix) | C78: Flow estate | D78: Every governance flow emails its own execution report to the registry mailbox | H78: SN-006 | K78: config/notification-matrix.config.js (SurplusNotifications) | P78: INFO | Q78: Listed so an unlisted mail action cannot pass unnoticed; carried by the flows above.
A79: TR-150 | B79: Surplus send (matrix) | C79: Flow estate | D79: Endpoints alert the operator when they fail or are attacked | H79: SN-007 | K79: config/notification-matrix.config.js (SurplusNotifications) | P79: INFO | Q79: Listed so an unlisted mail action cannot pass unnoticed; carried by the flows above.
A80: TR-001 | B80: Flow e-mail · catalogue | C80: Document Portal | D80: NOKEY.expired-upload — expired-upload | E80: CG_Portal_Daily_Sweep | F80: f12aec6d-1554-483d-a525-a96ddb60d06f | G80: Send_Expired_Upload_Email | H80: operational (no RN row) | J80: @outputs('Compose_Expired_Upload_Fields')?['emailRaw'] | K80: email-catalogue/NOKEY__CG_Portal_Daily_Sweep__f12aec6d/Send_Expired_Upload_Email.html | L80: Yes | M80: Yes | N80: Palette, alt text, width and image host checked (test:emailcatalogue, test:brand; ACCEPTANCE 51/51) | O80: Live, identical to template | P80: OK
A81: TR-002 | B81: Flow e-mail · catalogue | C81: Document Portal | D81: NOKEY.registry-digest — registry-digest | E81: CG_Portal_Daily_Sweep | F81: f12aec6d-1554-483d-a525-a96ddb60d06f | G81: Send_Registry_Digest_Email | H81: operational (no RN row) | J81: @outputs('Compose_Notify_Config_C5')?['registryTo'] | K81: email-catalogue/NOKEY__CG_Portal_Daily_Sweep__f12aec6d/Send_Registry_Digest_Email.html | L81: Yes | M81: Yes | N81: Palette, alt text, width and image host checked (test:emailcatalogue, test:brand; ACCEPTANCE 51/51) | O81: Live, identical to template | P81: OK
A82: TR-003 | B82: Flow e-mail · catalogue | C82: Document Portal | D82: NOKEY.server-error-alert — server-error-alert | E82: CG_Portal_Daily_Sweep | F82: f12aec6d-1554-483d-a525-a96ddb60d06f | G82: Send_Server_Error_Alert_Email | H82: SN-007 (operator alert) | J82: @outputs('Compose_Notify_Config_C5')?['opsTo'] | K82: email-catalogue/NOKEY__CG_Portal_Daily_Sweep__f12aec6d/Send_Server_Error_Alert_Email.html | L82: Yes | M82: Yes | N82: Palette, alt text, width and image host checked (test:emailcatalogue, test:brand; ACCEPTANCE 51/51) | O82: Live, identical to template | P82: OK
A83: TR-004 | B83: Flow e-mail · catalogue | C83: Document Portal | D83: NOKEY.status-acknowledged — status-acknowledged | E83: CG_Registry_Status_Notifier | F83: 8ebf6001-89cd-49c9-a9b6-4dedb9a5768b | G83: Send_Status_Acknowledged_Email | H83: operational (no RN row) | J83: @outputs('Compose_Notify_Status_Fields_Acknowledged')?['emailRaw'] | K83: email-catalogue/NOKEY__CG_Registry_Status_Notifier__8ebf6001/Send_Status_Acknowledged_Email.html | L83: Yes | M83: Yes | N83: Palette, alt text, width and image host checked (test:emailcatalogue, test:brand; ACCEPTANCE 51/51) | O83: Live, identical to template | P83: OK
A84: TR-005 | B84: Flow e-mail · catalogue | C84: Document Portal | D84: NOKEY.status-progress — status-progress | E84: CG_Registry_Status_Notifier | F84: 8ebf6001-89cd-49c9-a9b6-4dedb9a5768b | G84: Send_Status_Progress_Email | H84: operational (no RN row) | J84: @outputs('Compose_Notify_Status_Fields_Progress')?['emailRaw'] | K84: email-catalogue/NOKEY__CG_Registry_Status_Notifier__8ebf6001/Send_Status_Progress_Email.html | L84: Yes | M84: Yes | N84: Palette, alt text, width and image host checked (test:emailcatalogue, test:brand; ACCEPTANCE 51/51) | O84: Live, identical to template | P84: OK
A85: TR-006 | B85: Flow e-mail · catalogue | C85: Document Portal | D85: NOKEY.status-actionrequired — status-actionrequired | E85: CG_Registry_Status_Notifier | F85: 8ebf6001-89cd-49c9-a9b6-4dedb9a5768b | G85: Send_Status_ActionRequired_Email | H85: RN-002 | J85: @outputs('Compose_Notify_Status_Fields_ActionRequired')?['emailRaw'] | K85: email-catalogue/NOKEY__CG_Registry_Status_Notifier__8ebf6001/Send_Status_ActionRequired_Email.html | L85: Yes | M85: Yes | N85: Palette, alt text, width and image host checked (test:emailcatalogue, test:brand; ACCEPTANCE 51/51) | O85: Live, identical to template | P85: OK
A86: TR-007 | B86: Flow e-mail · catalogue | C86: Document Portal | D86: NOKEY.status-approved — status-approved | E86: CG_Registry_Status_Notifier | F86: 8ebf6001-89cd-49c9-a9b6-4dedb9a5768b | G86: Send_Status_Approved_Email | H86: RN-003 | J86: @outputs('Compose_Notify_Status_Fields_Approved')?['emailRaw'] | K86: email-catalogue/NOKEY__CG_Registry_Status_Notifier__8ebf6001/Send_Status_Approved_Email.html | L86: Yes | M86: Yes | N86: Palette, alt text, width and image host checked (test:emailcatalogue, test:brand; ACCEPTANCE 51/51) | O86: Live, identical to template | P86: OK
A87: TR-008 | B87: Flow e-mail · catalogue | C87: Document Portal | D87: NOKEY.status-declined — status-declined | E87: CG_Registry_Status_Notifier | F87: 8ebf6001-89cd-49c9-a9b6-4dedb9a5768b | G87: Send_Status_Declined_Email | H87: RN-004 | J87: @outputs('Compose_Notify_Status_Fields_Declined')?['emailRaw'] | K87: email-catalogue/NOKEY__CG_Registry_Status_Notifier__8ebf6001/Send_Status_Declined_Email.html | L87: Yes | M87: Yes | N87: Palette, alt text, width and image host checked (test:emailcatalogue, test:brand; ACCEPTANCE 51/51) | O87: Live, identical to template | P87: OK
A88: TR-009 | B88: Flow e-mail · catalogue | C88: Document Portal | D88: NOKEY.status-withdrawn — status-withdrawn | E88: CG_Registry_Status_Notifier | F88: 8ebf6001-89cd-49c9-a9b6-4dedb9a5768b | G88: Send_Status_Withdrawn_Email | H88: RN-005 | J88: @outputs('Compose_Notify_Status_Fields_Withdrawn')?['emailRaw'] | K88: email-catalogue/NOKEY__CG_Registry_Status_Notifier__8ebf6001/Send_Status_Withdrawn_Email.html | L88: Yes | M88: Yes | N88: Palette, alt text, width and image host checked (test:emailcatalogue, test:brand; ACCEPTANCE 51/51) | O88: Live, identical to template | P88: OK
A89: TR-010 | B89: Flow e-mail · catalogue | C89: Document Portal | D89: NOKEY.server-error-alert — server-error-alert | E89: CG_Registry_Status_Notifier | F89: 8ebf6001-89cd-49c9-a9b6-4dedb9a5768b | G89: Send_Server_Error_Alert_Email | H89: SN-007 (operator alert) | J89: @outputs('Compose_Notify_Config')?['opsTo'] | K89: email-catalogue/NOKEY__CG_Registry_Status_Notifier__8ebf6001/Send_Server_Error_Alert_Email.html | L89: Yes | M89: Yes | N89: Palette, alt text, width and image host checked (test:emailcatalogue, test:brand; ACCEPTANCE 51/51) | O89: Live, identical to template | P89: OK
A90: TR-011 | B90: Flow e-mail · catalogue | C90: Folio Workspace | D90: SCAN_INTAKE.dgo-scan-notification — dgo-scan-notification | E90: IP_SCAN_INTAKE | F90: 5504d7f9-cc96-470c-be79-217582faf415 | G90: Send_DGO_Scan_Notification_Email | H90: operational (no RN row) | J90: @outputs('Compose_Scan_Caller') | K90: email-catalogue/SCAN_INTAKE__IP_SCAN_INTAKE__5504d7f9/Send_DGO_Scan_Notification_Email.html | L90: Yes | M90: Yes | N90: Palette, alt text, width and image host checked (test:emailcatalogue, test:brand; ACCEPTANCE 51/51) | O90: Live, identical to template | P90: OK
A91: TR-012 | B91: Flow e-mail · catalogue | C91: Folio Workspace | D91: SCAN_INTAKE.telemetry — telemetry | E91: IP_SCAN_INTAKE | F91: 5504d7f9-cc96-470c-be79-217582faf415 | G91: Send_Telemetry_Email | H91: operational (no RN row) | J91: dgsregistry@nitda.gov.ng | K91: email-catalogue/SCAN_INTAKE__IP_SCAN_INTAKE__5504d7f9/Send_Telemetry_Email.html | L91: Yes | M91: Yes | N91: Palette, alt text, width and image host checked (test:emailcatalogue, test:brand; ACCEPTANCE 51/51) | O91: Live, identical to template | P91: OK | Q91: Fixed recipient dgsregistry@nitda.gov.ng (by owner decision for registry mail).
A92: TR-013 | B92: Flow e-mail · catalogue | C92: Document Portal | D92: STATUS.server-error-alert — server-error-alert | E92: CG_Portal_Status_Check_Endpoint | F92: 60042a2e-dadb-4ad8-a672-38b4132d299f | G92: Send_Server_Error_Alert_Email | H92: SN-007 (operator alert) | J92: @outputs('Compose_Notify_Config')?['opsTo'] | K92: email-catalogue/STATUS__CG_Portal_Status_Check_Endpoint__60042a2e/Send_Server_Error_Alert_Email.html | L92: Yes | M92: Yes | N92: Palette, alt text, width and image host checked (test:emailcatalogue, test:brand; ACCEPTANCE 51/51) | O92: Live, identical to template | P92: OK
A93: TR-014 | B93: Flow e-mail · catalogue | C93: Document Portal | D93: SUBMISSION.registry-alert — registry-alert | E93: CG_Submission_Endpoint | F93: de9ef13b-ae4c-42b0-9afa-20e71a180759 | G93: Send_Registry_Alert_Email | H93: RN-037 | J93: @outputs('Compose_Notify_Config')?['registryTo'] | K93: email-catalogue/SUBMISSION__CG_Submission_Endpoint__de9ef13b/Send_Registry_Alert_Email.html | L93: Yes | M93: Yes | N93: Palette, alt text, width and image host checked (test:emailcatalogue, test:brand; ACCEPTANCE 51/51) | O93: Live, identical to template | P93: OK
A94: TR-015 | B94: Flow e-mail · catalogue | C94: Document Portal | D94: SUBMISSION.sender-acknowledgement — sender-acknowledgement | E94: CG_Submission_Endpoint | F94: de9ef13b-ae4c-42b0-9afa-20e71a180759 | G94: Send_Sender_Acknowledgement_Email | H94: RN-001 | J94: @string(coalesce(actions('Compose_Submission_SenderEmail')?['outputs'],'')) | K94: email-catalogue/SUBMISSION__CG_Submission_Endpoint__de9ef13b/Send_Sender_Acknowledgement_Email.html | L94: Yes | M94: Yes | N94: Palette, alt text, width and image host checked (test:emailcatalogue, test:brand; ACCEPTANCE 51/51) | O94: Live, identical to template | P94: OK
A95: TR-016 | B95: Flow e-mail · catalogue | C95: Document Portal | D95: SUBMISSION.rate-limit-alert — rate-limit-alert | E95: CG_Submission_Endpoint | F95: de9ef13b-ae4c-42b0-9afa-20e71a180759 | G95: Send_Rate_Limit_Alert_Email | H95: SN-007 (operator alert) | J95: @outputs('Compose_Notify_Config')?['opsTo'] | K95: email-catalogue/SUBMISSION__CG_Submission_Endpoint__de9ef13b/Send_Rate_Limit_Alert_Email.html | L95: Yes | M95: Yes | N95: Palette, alt text, width and image host checked (test:emailcatalogue, test:brand; ACCEPTANCE 51/51) | O95: Live, identical to template | P95: OK
A96: TR-017 | B96: Flow e-mail · catalogue | C96: Document Portal | D96: SUBMISSION.server-error-alert — server-error-alert | E96: CG_Submission_Endpoint | F96: de9ef13b-ae4c-42b0-9afa-20e71a180759 | G96: Send_Server_Error_Alert_Email | H96: SN-007 (operator alert) | J96: @outputs('Compose_Notify_Config')?['opsTo'] | K96: email-catalogue/SUBMISSION__CG_Submission_Endpoint__de9ef13b/Send_Server_Error_Alert_Email.html | L96: Yes | M96: Yes | N96: Palette, alt text, width and image host checked (test:emailcatalogue, test:brand; ACCEPTANCE 51/51) | O96: Live, identical to template | P96: OK
A97: TR-018 | B97: Flow e-mail · catalogue | C97: Document Portal | D97: SUPPORT.helpdesk-alert — helpdesk-alert | E97: CG_Portal_Support_Endpoint | F97: 4873c936-a2be-4726-8e69-426edb8f70e6 | G97: Send_Helpdesk_Alert_Email | H97: operational (helpdesk) | J97: @outputs('Compose_Notify_Config')?['helpdeskTo'] | K97: email-catalogue/SUPPORT__CG_Portal_Support_Endpoint__4873c936/Send_Helpdesk_Alert_Email.html | L97: Yes | M97: Yes | N97: Palette, alt text, width and image host checked (test:emailcatalogue, test:brand; ACCEPTANCE 51/51) | O97: Live, identical to template | P97: OK
A98: TR-019 | B98: Flow e-mail · catalogue | C98: Document Portal | D98: SUPPORT.support-acknowledgement — support-acknowledgement | E98: CG_Portal_Support_Endpoint | F98: 4873c936-a2be-4726-8e69-426edb8f70e6 | G98: Send_Support_Acknowledgement_Email | H98: RN-007 | J98: @outputs('Compose_Notify_Support_Fields')?['emailRaw'] | K98: email-catalogue/SUPPORT__CG_Portal_Support_Endpoint__4873c936/Send_Support_Acknowledgement_Email.html | L98: Yes | M98: Yes | N98: Palette, alt text, width and image host checked (test:emailcatalogue, test:brand; ACCEPTANCE 51/51) | O98: Live, identical to template | P98: OK
A99: TR-020 | B99: Flow e-mail · catalogue | C99: Document Portal | D99: SUPPORT.rate-limit-alert — rate-limit-alert | E99: CG_Portal_Support_Endpoint | F99: 4873c936-a2be-4726-8e69-426edb8f70e6 | G99: Send_Rate_Limit_Alert_Email | H99: SN-007 (operator alert) | J99: @outputs('Compose_Notify_Config')?['opsTo'] | K99: email-catalogue/SUPPORT__CG_Portal_Support_Endpoint__4873c936/Send_Rate_Limit_Alert_Email.html | L99: Yes | M99: Yes | N99: Palette, alt text, width and image host checked (test:emailcatalogue, test:brand; ACCEPTANCE 51/51) | O99: Live, identical to template | P99: OK
A100: TR-021 | B100: Flow e-mail · catalogue | C100: Document Portal | D100: SUPPORT.server-error-alert — server-error-alert | E100: CG_Portal_Support_Endpoint | F100: 4873c936-a2be-4726-8e69-426edb8f70e6 | G100: Send_Server_Error_Alert_Email | H100: SN-007 (operator alert) | J100: @outputs('Compose_Notify_Config')?['opsTo'] | K100: email-catalogue/SUPPORT__CG_Portal_Support_Endpoint__4873c936/Send_Server_Error_Alert_Email.html | L100: Yes | M100: Yes | N100: Palette, alt text, width and image host checked (test:emailcatalogue, test:brand; ACCEPTANCE 51/51) | O100: Live, identical to template | P100: OK
A101: TR-022 | B101: Flow e-mail · catalogue | C101: Document Portal | D101: UPLOAD.server-error-alert — server-error-alert | E101: CG_Upload_Endpoint | F101: df82e331-b800-4a8d-996e-d2b2ca846c77 | G101: Send_Server_Error_Alert_Email | H101: SN-007 (operator alert) | J101: @outputs('Compose_Notify_Config')?['opsTo'] | K101: email-catalogue/UPLOAD__CG_Upload_Endpoint__df82e331/Send_Server_Error_Alert_Email.html | L101: Yes | M101: Yes | N101: Palette, alt text, width and image host checked (test:emailcatalogue, test:brand; ACCEPTANCE 51/51) | O101: Live, identical to template | P101: OK
A102: TR-023 | B102: Flow e-mail · catalogue | C102: Document Portal | D102: UPLOAD.telemetry — telemetry | E102: CG_Upload_Endpoint | F102: df82e331-b800-4a8d-996e-d2b2ca846c77 | G102: Send_Telemetry_Email | H102: RN-025 | J102: dgsregistry@nitda.gov.ng | K102: email-catalogue/UPLOAD__CG_Upload_Endpoint__df82e331/Send_Telemetry_Email.html | L102: Yes | M102: Automated checks only (added after the review) | N102: Palette, alt text, width and image host checked (test:emailcatalogue, test:brand; ACCEPTANCE 51/51) | O102: Live, identical to template | P102: OK | Q102: Fixed recipient dgsregistry@nitda.gov.ng (by owner decision for registry mail).
A103: TR-024 | B103: Flow e-mail · catalogue | C103: Document Portal | D103: VERIFY_CONFIRM.lockout-alert — lockout-alert | E103: CG_Portal_Verification_Confirmation_Endpoint | F103: f96e3448-3c79-4d42-b224-825258a552ba | G103: Send_Lockout_Alert_Email | H103: SN-007 (operator alert) | J103: @outputs('Compose_Notify_Config')?['opsTo'] | K103: email-catalogue/VERIFY_CONFIRM__CG_Portal_Verification_Confirmation_Endpoint__f96e3448/Send_Lockout_Alert_Email.html | L103: Yes | M103: Yes | N103: Palette, alt text, width and image host checked (test:emailcatalogue, test:brand; ACCEPTANCE 51/51) | O103: Live, identical to template | P103: OK
...

Sheet Summary
A1: Rows by category and status (formulas over the Register sheet)
A3: Category | B3: GAP | C3: DECISION | D3: NOT DEPLOYED | E3: INFO | F3: OK | G3: RETIRED | H3: WITHDRAWN | I3: Total | J3: No owner yet
A4: Client e-mail · correspondence | B4: =COUNTIFS(Register!$B$2:$B$269,$A4,Register!$P$2:$P$269,B$3) | C4: =COUNTIFS(Register!$B$2:$B$269,$A4,Register!$P$2:$P$269,C$3) | D4: =COUNTIFS(Register!$B$2:$B$269,$A4,Register!$P$2:$P$269,D$3) | E4: =COUNTIFS(Register!$B$2:$B$269,$A4,Register!$P$2:$P$269,E$3) | F4: =COUNTIFS(Register!$B$2:$B$269,$A4,Register!$P$2:$P$269,F$3) | G4: =COUNTIFS(Register!$B$2:$B$269,$A4,Register!$P$2:$P$269,G$3) | H4: =COUNTIFS(Register!$B$2:$B$269,$A4,Register!$P$2:$P$269,H$3) | I4: =SUM(B4:H4) | J4: =COUNTIFS(Register!$B$2:$B$269,$A4,Register!$S$2:$S$269,"")
A5: Client e-mail · report | B5: =COUNTIFS(Register!$B$2:$B$269,$A5,Register!$P$2:$P$269,B$3) | C5: =COUNTIFS(Register!$B$2:$B$269,$A5,Register!$P$2:$P$269,C$3) | D5: =COUNTIFS(Register!$B$2:$B$269,$A5,Register!$P$2:$P$269,D$3) | E5: =COUNTIFS(Register!$B$2:$B$269,$A5,Register!$P$2:$P$269,E$3) | F5: =COUNTIFS(Register!$B$2:$B$269,$A5,Register!$P$2:$P$269,F$3) | G5: =COUNTIFS(Register!$B$2:$B$269,$A5,Register!$P$2:$P$269,G$3) | H5: =COUNTIFS(Register!$B$2:$B$269,$A5,Register!$P$2:$P$269,H$3) | I5: =SUM(B5:H5) | J5: =COUNTIFS(Register!$B$2:$B$269,$A5,Register!$S$2:$S$269,"")
A6: Client e-mail · staff notice | B6: =COUNTIFS(Register!$B$2:$B$269,$A6,Register!$P$2:$P$269,B$3) | C6: =COUNTIFS(Register!$B$2:$B$269,$A6,Register!$P$2:$P$269,C$3) | D6: =COUNTIFS(Register!$B$2:$B$269,$A6,Register!$P$2:$P$269,D$3) | E6: =COUNTIFS(Register!$B$2:$B$269,$A6,Register!$P$2:$P$269,E$3) | F6: =COUNTIFS(Register!$B$2:$B$269,$A6,Register!$P$2:$P$269,F$3) | G6: =COUNTIFS(Register!$B$2:$B$269,$A6,Register!$P$2:$P$269,G$3) | H6: =COUNTIFS(Register!$B$2:$B$269,$A6,Register!$P$2:$P$269,H$3) | I6: =SUM(B6:H6) | J6: =COUNTIFS(Register!$B$2:$B$269,$A6,Register!$S$2:$S$269,"")
A7: Flow e-mail · catalogue | B7: =COUNTIFS(Register!$B$2:$B$269,$A7,Register!$P$2:$P$269,B$3) | C7: =COUNTIFS(Register!$B$2:$B$269,$A7,Register!$P$2:$P$269,C$3) | D7: =COUNTIFS(Register!$B$2:$B$269,$A7,Register!$P$2:$P$269,D$3) | E7: =COUNTIFS(Register!$B$2:$B$269,$A7,Register!$P$2:$P$269,E$3) | F7: =COUNTIFS(Register!$B$2:$B$269,$A7,Register!$P$2:$P$269,F$3) | G7: =COUNTIFS(Register!$B$2:$B$269,$A7,Register!$P$2:$P$269,G$3) | H7: =COUNTIFS(Register!$B$2:$B$269,$A7,Register!$P$2:$P$269,H$3) | I7: =SUM(B7:H7) | J7: =COUNTIFS(Register!$B$2:$B$269,$A7,Register!$S$2:$S$269,"")
A8: Flow e-mail · no catalogue template | B8: =COUNTIFS(Register!$B$2:$B$269,$A8,Register!$P$2:$P$269,B$3) | C8: =COUNTIFS(Register!$B$2:$B$269,$A8,Register!$P$2:$P$269,C$3) | D8: =COUNTIFS(Register!$B$2:$B$269,$A8,Register!$P$2:$P$269,D$3) | E8: =COUNTIFS(Register!$B$2:$B$269,$A8,Register!$P$2:$P$269,E$3) | F8: =COUNTIFS(Register!$B$2:$B$269,$A8,Register!$P$2:$P$269,F$3) | G8: =COUNTIFS(Register!$B$2:$B$269,$A8,Register!$P$2:$P$269,G$3) | H8: =COUNTIFS(Register!$B$2:$B$269,$A8,Register!$P$2:$P$269,H$3) | I8: =SUM(B8:H8) | J8: =COUNTIFS(Register!$B$2:$B$269,$A8,Register!$S$2:$S$269,"")
A9: Flow · sends no e-mail | B9: =COUNTIFS(Register!$B$2:$B$269,$A9,Register!$P$2:$P$269,B$3) | C9: =COUNTIFS(Register!$B$2:$B$269,$A9,Register!$P$2:$P$269,C$3) | D9: =COUNTIFS(Register!$B$2:$B$269,$A9,Register!$P$2:$P$269,D$3) | E9: =COUNTIFS(Register!$B$2:$B$269,$A9,Register!$P$2:$P$269,E$3) | F9: =COUNTIFS(Register!$B$2:$B$269,$A9,Register!$P$2:$P$269,F$3) | G9: =COUNTIFS(Register!$B$2:$B$269,$A9,Register!$P$2:$P$269,G$3) | H9: =COUNTIFS(Register!$B$2:$B$269,$A9,Register!$P$2:$P$269,H$3) | I9: =SUM(B9:H9) | J9: =COUNTIFS(Register!$B$2:$B$269,$A9,Register!$S$2:$S$269,"")
A10: Implied, not sent | B10: =COUNTIFS(Register!$B$2:$B$269,$A10,Register!$P$2:$P$269,B$3) | C10: =COUNTIFS(Register!$B$2:$B$269,$A10,Register!$P$2:$P$269,C$3) | D10: =COUNTIFS(Register!$B$2:$B$269,$A10,Register!$P$2:$P$269,D$3) | E10: =COUNTIFS(Register!$B$2:$B$269,$A10,Register!$P$2:$P$269,E$3) | F10: =COUNTIFS(Register!$B$2:$B$269,$A10,Register!$P$2:$P$269,F$3) | G10: =COUNTIFS(Register!$B$2:$B$269,$A10,Register!$P$2:$P$269,G$3) | H10: =COUNTIFS(Register!$B$2:$B$269,$A10,Register!$P$2:$P$269,H$3) | I10: =SUM(B10:H10) | J10: =COUNTIFS(Register!$B$2:$B$269,$A10,Register!$S$2:$S$269,"")
A11: In-app notice | B11: =COUNTIFS(Register!$B$2:$B$269,$A11,Register!$P$2:$P$269,B$3) | C11: =COUNTIFS(Register!$B$2:$B$269,$A11,Register!$P$2:$P$269,C$3) | D11: =COUNTIFS(Register!$B$2:$B$269,$A11,Register!$P$2:$P$269,D$3) | E11: =COUNTIFS(Register!$B$2:$B$269,$A11,Register!$P$2:$P$269,E$3) | F11: =COUNTIFS(Register!$B$2:$B$269,$A11,Register!$P$2:$P$269,F$3) | G11: =COUNTIFS(Register!$B$2:$B$269,$A11,Register!$P$2:$P$269,G$3) | H11: =COUNTIFS(Register!$B$2:$B$269,$A11,Register!$P$2:$P$269,H$3) | I11: =SUM(B11:H11) | J11: =COUNTIFS(Register!$B$2:$B$269,$A11,Register!$S$2:$S$269,"")
A12: Mailer letter | B12: =COUNTIFS(Register!$B$2:$B$269,$A12,Register!$P$2:$P$269,B$3) | C12: =COUNTIFS(Register!$B$2:$B$269,$A12,Register!$P$2:$P$269,C$3) | D12: =COUNTIFS(Register!$B$2:$B$269,$A12,Register!$P$2:$P$269,D$3) | E12: =COUNTIFS(Register!$B$2:$B$269,$A12,Register!$P$2:$P$269,E$3) | F12: =COUNTIFS(Register!$B$2:$B$269,$A12,Register!$P$2:$P$269,F$3) | G12: =COUNTIFS(Register!$B$2:$B$269,$A12,Register!$P$2:$P$269,G$3) | H12: =COUNTIFS(Register!$B$2:$B$269,$A12,Register!$P$2:$P$269,H$3) | I12: =SUM(B12:H12) | J12: =COUNTIFS(Register!$B$2:$B$269,$A12,Register!$S$2:$S$269,"")
A13: Old library (unwired) | B13: =COUNTIFS(Register!$B$2:$B$269,$A13,Register!$P$2:$P$269,B$3) | C13: =COUNTIFS(Register!$B$2:$B$269,$A13,Register!$P$2:$P$269,C$3) | D13: =COUNTIFS(Register!$B$2:$B$269,$A13,Register!$P$2:$P$269,D$3) | E13: =COUNTIFS(Register!$B$2:$B$269,$A13,Register!$P$2:$P$269,E$3) | F13: =COUNTIFS(Register!$B$2:$B$269,$A13,Register!$P$2:$P$269,F$3) | G13: =COUNTIFS(Register!$B$2:$B$269,$A13,Register!$P$2:$P$269,G$3) | H13: =COUNTIFS(Register!$B$2:$B$269,$A13,Register!$P$2:$P$269,H$3) | I13: =SUM(B13:H13) | J13: =COUNTIFS(Register!$B$2:$B$269,$A13,Register!$S$2:$S$269,"")
A14: One-off set-up report | B14: =COUNTIFS(Register!$B$2:$B$269,$A14,Register!$P$2:$P$269,B$3) | C14: =COUNTIFS(Register!$B$2:$B$269,$A14,Register!$P$2:$P$269,C$3) | D14: =COUNTIFS(Register!$B$2:$B$269,$A14,Register!$P$2:$P$269,D$3) | E14: =COUNTIFS(Register!$B$2:$B$269,$A14,Register!$P$2:$P$269,E$3) | F14: =COUNTIFS(Register!$B$2:$B$269,$A14,Register!$P$2:$P$269,F$3) | G14: =COUNTIFS(Register!$B$2:$B$269,$A14,Register!$P$2:$P$269,G$3) | H14: =COUNTIFS(Register!$B$2:$B$269,$A14,Register!$P$2:$P$269,H$3) | I14: =SUM(B14:H14) | J14: =COUNTIFS(Register!$B$2:$B$269,$A14,Register!$S$2:$S$269,"")
A15: Other template · Config template | B15: =COUNTIFS(Register!$B$2:$B$269,$A15,Register!$P$2:$P$269,B$3) | C15: =COUNTIFS(Register!$B$2:$B$269,$A15,Register!$P$2:$P$269,C$3) | D15: =COUNTIFS(Register!$B$2:$B$269,$A15,Register!$P$2:$P$269,D$3) | E15: =COUNTIFS(Register!$B$2:$B$269,$A15,Register!$P$2:$P$269,E$3) | F15: =COUNTIFS(Register!$B$2:$B$269,$A15,Register!$P$2:$P$269,F$3) | G15: =COUNTIFS(Register!$B$2:$B$269,$A15,Register!$P$2:$P$269,G$3) | H15: =COUNTIFS(Register!$B$2:$B$269,$A15,Register!$P$2:$P$269,H$3) | I15: =SUM(B15:H15) | J15: =COUNTIFS(Register!$B$2:$B$269,$A15,Register!$S$2:$S$269,"")
... A26: Surplus send (matrix) | B26: =COUNTIFS(Register!$B$2:$B$269,$A26,Register!$P$2:$P$269,B$3) | C26: =COUNTIFS(Register!$B$2:$B$269,$A26,Register!$P$2:$P$269,C$3) | D26: =COUNTIFS(Register!$B$2:$B$269,$A26,Register!$P$2:$P$269,D$3) | E26: =COUNTIFS(Register!$B$2:$B$269,$A26,Register!$P$2:$P$269,E$3) | F26: =COUNTIFS(Register!$B$2:$B$269,$A26,Register!$P$2:$P$269,F$3) | G26: =COUNTIFS(Register!$B$2:$B$269,$A26,Register!$P$2:$P$269,G$3) | H26: =COUNTIFS(Register!$B$2:$B$269,$A26,Register!$P$2:$P$269,H$3) | I26: =SUM(B26:H26) | J26: =COUNTIFS(Register!$B$2:$B$269,$A26,Register!$S$2:$S$269,"")
A27: Total | B27: =SUM(B4:B26) | C27: =SUM(C4:C26) | D27: =SUM(D4:D26) | E27: =SUM(E4:E26) | F27: =SUM(F4:F26) | G27: =SUM(G4:G26) | H27: =SUM(H4:H26) | I27: =SUM(I4:I26) | J27: =SUM(J4:J26)
A29: Check: rows on the Register | B29: =COUNTA(Register!$A$2:$A$269)

Sheet Findings
A1: Finding | B1: Statement | C1: Register rows citing it
A2: F1 | B2: Release 36 frames every e-mail sent through IP_SEND_EMAIL a second time: staff notices (8), Correspondence Desk letters (RN-021, RN-022) and report e-mails (RN-024) arrive with two greetings, two headers and a nested page, labelled "Official correspondence". Confirmed live 2026-10-19. | C2: =COUNTIF(Register!$Q$2:$Q$269,"*F1:*")
A3: F2 | B3: Required notifications with no template: none remain. RN-020 and RN-022 (built 2026-10-19 00:07) and RN-025 and RN-035 (Release 38) now have carriers; RN-020 and RN-022 inherit F1. | C3: n/a (resolved)
A4: F3 | B4: The governance flows send 16 mails from 9 inline bodies outside the catalogue; 11 have no logo or structure; GOV-04 loads its logo from nitda.gov.ng/assets/, not the catalogue image host (folio-portal.page.gd/email-assets/ since release 39, 2026-10-19; correspondence-gateway.rf.gd is suspended). The captured bodies use off-palette colours (#004578 and others) and Segoe UI; no brand check covers them. | C4: =COUNTIF(Register!$Q$2:$Q$269,"*F3:*")
A5: F4 | B5: Corrected 2026-10-19. Client templates are outside the catalogue and the owner's 2026-10-18 brand set. Staff notices are held to the palette by tests/staff-notice.test.mjs; Correspondence Desk letters and the Mailer letterhead are held to the palette and to NITDA alone by test:brand. Not covered by any check: report e-mails (no inline styling), the Mailer starter letters (Cambria serif, #1B1B1B) and the sign-in code mail; nor the type and layout of the Desk letters (Arial, 760 px, no lang, no preheader, no logo). | C5: =COUNTIF(Register!$Q$2:$Q$269,"*F4:*")
A6: F5 | B6: Implied but unsent: the Workspace support request (no flow case) and a citizen notice when acknowledgement is overdue. | C6: =COUNTIF(Register!$Q$2:$Q$269,"*F5:*")
A7: F6 | B7: Specified flows not yet in the estate carry their own inline templates (user directory sync, endpoint inventory, Flow Estate live report). | C7: =COUNTIF(Register!$Q$2:$Q$269,"*F6:*")
A8: F7 | B8: Qualified 2026-10-19. The older 20-template library still sits beside the catalogue, unwired. ITEM-68 (which carried the 2026-10-03 one-source decision) is RESOLVED, so this is recorded, not reopened; the brand README still describes these 20 as the live e-mails (B1). | C8: =COUNTIF(Register!$Q$2:$Q$269,"*F7:*")
A9: B1 | B9: styles/dgo-design-system/README.md describes an older state: PENDING empty and 59 outputs (test:brand: 2 pending, 115 classified); e-mail row "20 notification templates, 6 correspondence templates" and RX-01 "12 internal staff emails (as text)" describe the unwired library, not the 51-message catalogue; Packaged and Embedded lists (3, 16) shorter than the gate (6, 17). | C9: n/a (no template row)
A10: B2 | B10: Sub-brand applied unevenly in internal e-mail: the owner resolution (email-catalogue/ACCEPTANCE.md, 2026-10-18) puts the DGO Digital Ops logo on internal mail; 27 catalogue messages carry it, 8 internal ones do not (status DECISION), 6 of which sign as "Folio · NITDA Digital Correspondence", a name in neither the brand README nor PLATFORM_NAMING.md. Staff notices carry no DGO mark either. | C10: =COUNTIF(Register!$Q$2:$Q$269,"*B2:*")
A11: B3 | B11: tests/brand-authority.test.mjs still lists the New E-Scan template as PENDING (off-brand), but it now uses only palette colours and the brand image host; it can be classified EMAIL (a test change, no flow release). | C11: n/a (no template row)
A12: B4 | B12: The Portal logos (document-portal/ds/logo/) are earlier exports, not byte-identical to the masters; the brand README itself says replace them at the next Portal review. | C12: n/a (no template row)
A13: B5 | B13: Unreferenced legacy HTML steps in released packages load images from third-party hosts: Single_Task_Assignment (3) and BULK_OPS_DATA_RETRIEVAL_HTTP (2) a NITDA logo on d15k2d11r6t6rl.cloudfront.net; the scan flow (5) also flaticon.com, myfiles.space and the placeholder yourcdn.com. None feeds a send; cleanup can ride a later release. | C13: n/a (no template row)
A14: B6 | B14: Not covered by any brand check: GOV mail bodies, Mailer starter letters, report e-mails, and the type and layout of the Desk letters. | C14: n/a (no template row)
